steak, protein
shrimp, protein
chicken_breast, protein
buns, bread
panko, packaged
gochujang, packaged
soy_sauce, packaged
rice_wine_vinegar, packaged
seaseme_oil, packaged
honey, packaged
brown_sugar, packaged
sriracha, packaged
kimchi, produce
green_onion, produce
mayo, dairy
chicken_sausage, protein
rice, packaged
spinach, produce
garlic, produce
bone_broth, packaged
lemon, produce
orzo, packaged
angel_hair, packaged
cherry_tomatos, produce
calabrian_chilis, packaged
olive_oil, packaged
chicken_thigh, protein
salmon, protein
cucumber, produce
short_ribs, protein
ground_beef, protein
salsa, produce
sour_cream, dairy
tortilla_chips, packaged
guacamole, produce
pickled_jalapenos, packaged
curry_paste, packaged
frozen_veggies, freezezr
red_onion, produce
quinoa, packaged
jalapeno, produce
cilantro, produce
chickpeas, packaged
olives, packaged
apple_cider_vinegar, packaged
pasta, packaged
tomato_paste, packaged
heavy_cream, dairy
ground_turkey, protein
lettuce, produce
tomato, produce
pickles, packaged
sweet_potato, produce
soup_dumplings, freezezr
rice_vinegar, packaged
feta, dairy
red_wine_vinegar, packaged
parm, dairy
anchovies, packaged
dijon_mustard, packaged
croutons, packaged
meat, protein
spagetti, packaged
celery, produce
crushed_tomatos, packaged
blue_cheese, dairy
horseraddish, packaged
shredded_carrots, produce
ginger, produce
wonton_strips, packaged
tahini, packaged
sourdough, bread
mozerrella, dairy
balsamic_vinegar, packaged
bacon, protein
avocado, produce
potato, produce
onion, produce
chili_powder,packaged
cumin, packaged
green_bell_pepper, produce
kiddney_beans, packaged
diced_tomatos, packaged
beef_broth, packaged
tomatos, produce
red_bell_pepper, produce
dried_basil, packaged
dried_oregano, packaged
chicken_broth, packaged
basil, produce
